branch,x,cp_min,cp_max,u_model
pressure,0.0023917854160401004,0.6243680746978361,0.9047135369990547,0.1401727311506093
pressure,0.0048763613320802,0.8309519892008033,0.957245118850369,0.06314656482478287
pressure,0.0073609372481203,0.8990490163181175,0.9552371870607965,0.028094085371339506
pressure,0.0098455131641604,0.952092448466992,0.9651080418302134,0.006507796681610667
pressure,0.012330089080200501,0.9289412044171178,0.9509417154019406,0.011000255492411404
pressure,0.0148146649962406,0.9057899603672436,0.9367753889736677,0.015492714303212085
pressure,0.017299240912280703,0.8826387163173692,0.922609062545395,0.019985173114012877
pressure,0.019783816828320804,0.859487472267495,0.9084427361171222,0.024477631924813614
pressure,0.022268392744360904,0.8363362282176208,0.8942764096888494,0.028970090735614296
pressure,0.024752968660401005,0.8139698649502476,0.8788980145771744,0.03246407481346342
pressure,0.027237544576441106,0.7958760939488199,0.8572267993884435,0.03067535271981181
pressure,0.029722120492481203,0.7777548406821839,0.8355555841997127,0.028900371758764365
pressure,0.0322066964085213,0.759633587415548,0.8138843690109818,0.02712539079771692
pressure,0.0346912723245614,0.741512334148912,0.792213153822251,0.025350409836669474
pressure,0.0371758482406015,0.7233910808822761,0.77054193863352,0.023575428875621973
pressure,0.0396604241566416,0.7052698276156402,0.7488707234447892,0.021800447914574528
pressure,0.0421450000726817,0.6928214975410272,0.7336273573308474,0.020402929894910105
pressure,0.044629575988721804,0.6838580687632737,0.7223326467545391,0.019237288995632706
pressure,0.047114151904761904,0.6748946399855204,0.7110379361782309,0.018071648096355253
pressure,0.049598727820802005,0.665931211207767,0.6997432256019225,0.016906007197077744
pressure,0.052083303736842106,0.6569677824300135,0.6884485150256142,0.015740366297800346
pressure,0.054567879652882206,0.6480043536522602,0.677153804449306,0.014574725398522892
pressure,0.05705245556892231,0.6390583438264638,0.6659010288490592,0.01342134251129773
pressure,0.0595370314849624,0.6312952485840979,0.6574960419597329,0.013100396687817484
pressure,0.0620216074010025,0.6235321533417322,0.6490910550704065,0.012779450864337183
pressure,0.06450618331704261,0.6157690580993663,0.6406860681810802,0.012458505040856938
pressure,0.06699075923308272,0.6080059628570005,0.6322810812917539,0.012137559217376692
pressure,0.06947533514912281,0.6002428676146347,0.6238760944024275,0.011816613393896391
pressure,0.07195991106516292,0.5924797723722689,0.6154711075131012,0.011495667570416146
pressure,0.07444448698120301,0.5848537843643979,0.6073419404406717,0.011244078038136873
pressure,0.07692906289724312,0.5774135872608815,0.5995865305474966,0.011086471643307505
pressure,0.07941363881328321,0.5698911637360612,0.5918311206543215,0.01096997845913017
pressure,0.08189821472932331,0.5623337412260656,0.5840757107611464,0.010870984767540393
pressure,0.08438279064536341,0.55477631871607,0.5763203008679714,0.010771991075950671
pressure,0.08686736656140351,0.5472188962060744,0.5685648909747962,0.010672997384360894
pressure,0.08935194247744362,0.5396614736960789,0.5608094810816211,0.010574003692771117
pressure,0.09183651839348371,0.5333512301281439,0.5541432400153093,0.010396004943582726
pressure,0.09432109430952382,0.5273768676183772,0.5477703258852961,0.010196729133459426
pressure,0.09680567022556391,0.5214025051086105,0.5413974117552828,0.009997453323336125
pressure,0.09929024614160402,0.5154281425988437,0.5350244976252694,0.009798177513212825
pressure,0.10177482205764411,0.509453780089077,0.5286515834952562,0.00959890170308958
pressure,0.10425939797368422,0.5034794175793104,0.5222786693652428,0.009399625892966224
pressure,0.10674397388972431,0.4975146612005274,0.5160528539652877,0.009269096382380132
pressure,0.10922854980576442,0.4916083013610086,0.5107212650525708,0.00955648184578109
pressure,0.11171312572180452,0.48570194152148977,0.505389676139854,0.009843867309182103
pressure,0.11419770163784462,0.4797955816819709,0.5000580872271371,0.010131252772583088
pressure,0.11668227755388472,0.4738892218424521,0.4947264983144202,0.010418638235984073
pressure,0.11916685346992481,0.46798286200293326,0.4893949094017034,0.010706023699385059
pressure,0.12165142938596492,0.46207650216341445,0.4840633204889865,0.010993409162786016
pressure,0.12413600530200501,0.4571130992784278,0.4795399677416666,0.011213434231619385
pressure,0.12662058121804512,0.4532023421291965,0.4759188686432531,0.011358263257028295
pressure,0.1291051571340852,0.44924683494934764,0.4722977695448397,0.011525467297746034
pressure,0.1315897330501253,0.4452500318809462,0.4686766704464263,0.011713319282740053
pressure,0.13407430896616543,0.4412532288125447,0.46505557134801284,0.011901171267734073
pressure,0.13655888488220552,0.43725642574414325,0.46143447224959944,0.012089023252728093
pressure,0.13904346079824562,0.4332596226757418,0.45781337315118603,0.012276875237722112
pressure,0.1415280367142857,0.4298923640717506,0.45474212554978743,0.012424880739018429
pressure,0.14401261263032583,0.42670431039409046,0.4518273976266421,0.012561543616275817
pressure,0.14649718854636593,0.42351625671643034,0.4489126697034968,0.012698206493533232
pressure,0.14898176446240602,0.4203282030387703,0.44599794178035146,0.012834869370790591
pressure,0.1514663403784461,0.41714014936111016,0.4430832138572061,0.012971532248047979
pressure,0.15395091629448623,0.41395209568345004,0.44016848593406077,0.013108195125305366
pressure,0.15643549221052633,0.4108061142122873,0.4373073500437981,0.013250617915755408
pressure,0.15892006812656642,0.40812428588197386,0.4350374574577942,0.013456585787910175
pressure,0.16140464404260652,0.40544245755166036,0.43276756487179036,0.013662553660064997
pressure,0.1638892199586466,0.4027606292213469,0.43049767228578645,0.013868521532219763
pressure,0.16637379587468673,0.4000788008910334,0.42822777969978254,0.014074489404374557
pressure,0.16885837179072682,0.39739697256071993,0.42595788711377863,0.014280457276529351
pressure,0.17134294770676692,0.39471514423040643,0.4236879945277748,0.014486425148684173
pressure,0.173827523622807,0.39254179226736946,0.4216242663980096,0.014541237065320067
pressure,0.17631209953884713,0.3912308980126932,0.4199102263479981,0.01433966416765245
pressure,0.17879667545488723,0.38988880587916436,0.4181961862979866,0.014153690209411124
pressure,0.18128125137092732,0.38850401646022853,0.41648214624797514,0.013989064893873304
pressure,0.18376582728696741,0.3871192270412927,0.41476810619796367,0.013824439578335485
pressure,0.18625040320300754,0.3857344376223569,0.41305406614795215,0.013659814262797637
pressure,0.18873497911904763,0.38434964820342105,0.4113400260979407,0.013495188947259817
pressure,0.19121955503508772,0.38286286183669316,0.4093672939617334,0.013252216062520111
pressure,0.19370413095112782,0.3813232232653852,0.4072605142156823,0.01296864547514856
pressure,0.19618870686716794,0.3797835846940772,0.4051537344696313,0.012685074887777065
pressure,0.19867328278320803,0.37824394612276924,0.40304695472358026,0.012401504300405514
pressure,0.20115785869924813,0.3767043075514612,0.40094017497752926,0.012117933713034018
pressure,0.20364243461528822,0.37516466898015327,0.3988333952314782,0.011834363125662467
pressure,0.20612701053132831,0.37362503040884526,0.3967266154854272,0.011550792538290972
pressure,0.20861158644736844,0.3719265972732932,0.3943419081113841,0.011207655419045448
pressure,0.21109616236340853,0.370219112439466,0.391941358148252,0.010861122854393002
pressure,0.21358073827944862,0.3685116276056388,0.3895408081851199,0.010514590289740527
pressure,0.21606531419548872,0.36680414277181167,0.3871402582219878,0.010168057725088053
pressure,0.21854989011152884,0.3650966579379845,0.3847397082588557,0.009821525160435579
pressure,0.22103446602756893,0.3633752831158396,0.38233915829572357,0.00948193758994198
pressure,0.22351904194360903,0.36147749749926306,0.3799033144854441,0.009212908493090533
pressure,0.22600361785964912,0.3592603446071057,0.37735184556788687,0.00904575048039058
pressure,0.22848819377568924,0.35704319171494825,0.37480037665032956,0.008878592467690655
pressure,0.23097276969172933,0.3548260388227909,0.37224890773277225,0.008711434454990674
pressure,0.23345734560776943,0.3526088859306335,0.369697438815215,0.008544276442290749
pressure,0.23594192152380952,0.3503917330384761,0.36714596989765774,0.008377118429590824
pressure,0.23842649743984962,0.34817458014631875,0.36459450098010043,0.008209960416890844
pressure,0.24091107335588974,0.34581132630648814,0.36227034589855245,0.008229509796032153
pressure,0.24339564927192983,0.34331409752645764,0.3601546381821377,0.00842027032784004
pressure,0.24588022518796993,0.3408168687464272,0.35803893046572305,0.008611030859647928
pressure,0.24836480110401002,0.33831963996639675,0.3559232227493083,0.008801791391455788
pressure,0.2508493770200501,0.3357570439138474,0.3538075150328936,0.009025235559523087
pressure,0.25333395293609023,0.33316618394028813,0.35169180731647887,0.009262811688095368
pressure,0.25581852885213036,0.33057532396672884,0.34957609960006414,0.00950038781666765
pressure,0.2583031047681704,0.3287661928009116,0.3481804944633112,0.009707150831199773
pressure,0.26078768068421054,0.32714787297624487,0.3469606583881949,0.009906392705975015
pressure,0.2632722566002506,0.3255295531515782,0.3457408223130786,0.0101056345807502
pressure,0.26575683251629073,0.3239112333269115,0.34452098623796235,0.010304876455525414
pressure,0.26824140843233085,0.3222929135022448,0.34330115016284607,0.010504118330300627
pressure,0.2707259843483709,0.3206745936775781,0.3420813140877298,0.01070336020507584
pressure,0.27321056026441104,0.31912219045772133,0.34087764372196605,0.010877726632122359
pressure,0.27569513618045116,0.3183456396822155,0.339864247190117,0.010759303753950733
pressure,0.2781797120964912,0.3175690889067097,0.338850850658268,0.010640880875779135
pressure,0.28066428801253135,0.31679253813120395,0.3378374541264189,0.010522457997607482
pressure,0.2831488639285714,0.31601598735569814,0.3368240575945699,0.010404035119435884
pressure,0.28563343984461154,0.3152394365801923,0.33581066106272084,0.010285612241264258
pressure,0.28811801576065166,0.3144628858046865,0.33479726453087183,0.01016718936309266
pressure,0.2906025916766917,0.31361549546560663,0.3336510962134482,0.010017800373920777
pressure,0.29308716759273185,0.3126379305892998,0.3322609469216658,0.009811508166183008
pressure,0.2955717435087719,0.31166036571299294,0.3308707976298835,0.009605215958445268
pressure,0.29805631942481203,0.3106828008366861,0.3294806483381011,0.0093989237507075
pressure,0.30054089534085215,0.30970523596037924,0.32809049904631876,0.00919263154296976
pressure,0.3030254712568922,0.3087276710840724,0.3267003497545364,0.008986339335231991
pressure,0.30551004717293234,0.3077248728171836,0.325310200462754,0.008792663822785207
pressure,0.30799462308897246,0.30658088409579826,0.3237442152213774,0.008581665562789581
pressure,0.31047919900501253,0.30537561944137454,0.3220734085446244,0.008348894551624936
pressure,0.31296377492105265,0.30417035478695076,0.3204026018678714,0.008116123540460318
pressure,0.3154483508370927,0.302965090132527,0.31873179519111844,0.007883352529295728
pressure,0.31793292675313284,0.30175982547810326,0.3170609885143654,0.007650581518131083
pressure,0.32041750266917296,0.3005545608236795,0.3153901818376124,0.007417810506966466
pressure,0.322902078585213,0.2993492961692557,0.31371937516085946,0.007185039495801876
pressure,0.32538665450125315,0.29767937910047243,0.3119704242200159,0.007145522559771744
pressure,0.3278712304172932,0.29595841888096647,0.3102128889496246,0.007127235034329077
pressure,0.33035580633333334,0.2942374586614605,0.3084553536792332,0.007108947508886354
pressure,0.33284038224937346,0.29251649844195454,0.30669781840884186,0.007090659983443659
pressure,0.3353249581654135,0.2907955382224486,0.3049402831384505,0.007072372458000964
pressure,0.33780953408145364,0.2890745780029426,0.30318274786805915,0.007054084932558269
pressure,0.34029410999749377,0.2873813164619651,0.301505728195031,0.007062205866532972
pressure,0.34277868591353383,0.28577079286278434,0.3002079550887515,0.007218581112983569
pressure,0.34526326182957395,0.28413164125396,0.2989101819824719,0.007389270364255934
pressure,0.347747837745614,0.28249248964513574,0.2976124088761923,0.007559959615528272
pressure,0.35023241366165414,0.2808533380363114,0.2963146357699127,0.007730648866800638
pressure,0.35271698957769426,0.2792141864274871,0.2950168626636331,0.007901338118073004
pressure,0.35520156549373433,0.2775750348186628,0.2937190895573535,0.008072027369345341
pressure,0.35768614140977445,0.2763040958517363,0.29256312651973854,0.008129515334001108
pressure,0.3601707173258145,0.2754950121941998,0.29158503823623344,0.008045013021016817
pressure,0.36265529324185464,0.27468592853666324,0.29060694995272834,0.007960510708032553
pressure,0.36513986915789476,0.27387684487912667,0.28962886166922325,0.00787600839504829
pressure,0.3676244450739348,0.2730677612215901,0.2886507733857182,0.007791506082064054
pressure,0.37010902098997495,0.2722586775640536,0.2876726851022131,0.007707003769079762
pressure,0.37259359690601507,0.271449593906517,0.286694596818708,0.0076225014560954985
pressure,0.37507817282205513,0.27041685151882033,0.28558912534518244,0.007586136913181052
pressure,0.37756274873809526,0.2692927776928486,0.284431636720579,0.007569429513865189
pressure,0.3800473246541353,0.26816870386687686,0.28327414809597545,0.007552722114549298
pressure,0.38253190057017544,0.26704463004090506,0.28211665947137193,0.007536014715233436
pressure,0.38501647648621556,0.2659205562149333,0.28095917084676847,0.007519307315917573
pressure,0.38750105240225563,0.2647964823889616,0.27980168222216495,0.007502599916601682
pressure,0.38998562831829575,0.2636724085629898,0.27864419359756143,0.007485892517285819
pressure,0.3924702042343359,0.26255311390412,0.2776791846006578,0.0075630353482689094
pressure,0.39495478015037594,0.2614339342265107,0.27671880644208335,0.007642436107786338
pressure,0.39743935606641606,0.2603147545489013,0.2757584282835088,0.007721836867303766
pressure,0.3999239319824561,0.25919557487129197,0.27479805012493436,0.007801237626821195
pressure,0.40240850789849625,0.2580763951936826,0.2738376719663599,0.007880638386338651
pressure,0.40489308381453637,0.2569572155160732,0.2728772938077854,0.007960039145856107
pressure,0.40737765973057644,0.25597959427702865,0.27194729050839367,0.007983848115682507
pressure,0.40986223564661656,0.2554538625241303,0.27111425125895217,0.00783019436741092
pressure,0.4123468115626566,0.25492813077123194,0.2702812120095106,0.007676540619139333
pressure,0.41483138747869674,0.2544023990183336,0.26944817276006905,0.007522886870867718
pressure,0.41731596339473687,0.25387666726543523,0.2686151335106275,0.0073692331225961305
pressure,0.41980053931077693,0.2533509355125369,0.267782094261186,0.007215579374324543
pressure,0.42228511522681705,0.2528252037596385,0.26694905501174443,0.007061925626052956
pressure,0.4247696911428572,0.25197173807668416,0.2660409548373319,0.007034608380323881
pressure,0.42725426705889724,0.25078969485241426,0.26505760052560245,0.0071339528365940985
pressure,0.42973884297493736,0.24960765162814436,0.26407424621387304,0.0072332972928643435
pressure,0.43222341889097743,0.24842560840387445,0.26309089190214363,0.0073326417491345885
pressure,0.43470799480701755,0.24724356517960455,0.26210753759041416,0.007431986205404806
pressure,0.43719257072305767,0.24606152195533462,0.2611241832786847,0.007531330661675037
pressure,0.43967714663909774,0.24487947873106472,0.2601408289669553,0.007630675117945282
pressure,0.44216172255513786,0.24380350062606784,0.2595433489062929,0.00786992414011252
pressure,0.4446462984711779,0.24276098389824435,0.2590676042846226,0.008153310193189128
pressure,0.44713087438721805,0.24171846717042084,0.2585918596629523,0.008436696246265724
pressure,0.44961545030325817,0.24067595044259732,0.25811611504128196,0.008720082299342319
pressure,0.45210002621929823,0.23963343371477386,0.25764037041961163,0.009003468352418886
pressure,0.45458460213533836,0.23859091698695034,0.25716462579794136,0.00928685440549551
pressure,0.4570691780513785,0.23756377154639707,0.256694729088209,0.009565478770905966
pressure,0.45955375396741854,0.2375485041964775,0.2566097951901127,0.009530645496817591
pressure,0.46203832988345866,0.23753323684655792,0.25652486129201635,0.009495812222729216
pressure,0.46452290579949873,0.23751796949663834,0.25643992739392,0.009460978948640841
pressure,0.46700748171553885,0.23750270214671873,0.25635499349582364,0.009426145674552452
pressure,0.469492057631579,0.23748743479679915,0.2562700595977273,0.009391312400464077
pressure,0.47197663354761904,0.23747216744687957,0.256185125699631,0.009356479126375702
pressure,0.47446120946365916,0.23745534804367718,0.25600414970718327,0.009274400831753044
pressure,0.4769457853796992,0.2374343011081598,0.2555615711898955,0.009063635040867837
pressure,0.47943036129573935,0.23741325417264242,0.2551189926726077,0.008852869249982631
pressure,0.48191493721177947,0.23739220723712506,0.25467641415531983,0.008642103459097383
pressure,0.48439951312781954,0.23737116030160768,0.25423383563803204,0.008431337668212177
pressure,0.48688408904385966,0.23735011336609033,0.2537912571207442,0.00822057187732693
pressure,0.4893686649598998,0.23732906643057294,0.2533486786034564,0.008009806086441723
pressure,0.49185324087593985,0.23702420998573662,0.2527327850460245,0.00785428753014393
pressure,0.49433781679197997,0.23645916981201362,0.25195800409428,0.007749417141133183
pressure,0.49682239270802003,0.23589412963829062,0.25118322314253544,0.007644546752122408
pressure,0.49930696862406015,0.23532908946456763,0.25040844219079095,0.007539676363111661
pressure,0.5017915445401002,0.23476404929084463,0.2496336612390464,0.007434805974100886
pressure,0.5042761204561403,0.23419900911712163,0.24885888028730188,0.007329935585090125
pressure,0.5067606963721805,0.23363396894339863,0.24808409933555736,0.007225065196079364
pressure,0.5092452722882206,0.23268808443301778,0.2474955453267398,0.007403730446861018
pressure,0.5117298482042607,0.2316318174102108,0.24696096664553802,0.007664574617663608
pressure,0.5142144241203007,0.2305755503874039,0.24642638796433627,0.007925418788466185
pressure,0.5166990000363408,0.22951928336459693,0.24589180928313448,0.008186262959268775
pressure,0.519183575952381,0.22846301634178998,0.24535723060193268,0.008447107130071352
pressure,0.5216681518684211,0.227406749318983,0.2448226519207309,0.008707951300873956
pressure,0.5241527277844612,0.22637219806974015,0.24430705740064537,0.008967429665452609
pressure,0.5266373037005012,0.226149490984829,0.2445011857173465,0.009175847366258746
pressure,0.5291218796165413,0.22592678389991785,0.24469531403404765,0.009384265067064898
pressure,0.5316064555325815,0.2257040768150067,0.2448894423507488,0.00959268276787105
pressure,0.5340910314486216,0.22548136973009553,0.24508357066744996,0.009801100468677215
pressure,0.5365756073646617,0.22525866264518438,0.2452776989841511,0.010009518169483367
pressure,0.5390601832807017,0.22503595556027323,0.24547182730085226,0.010217935870289518
pressure,0.5415447591967418,0.22502562741505178,0.24569992120330086,0.010337146894124544
pressure,0.544029335112782,0.22558147354072605,0.2460185628821637,0.010218544670718824
pressure,0.5465139110288221,0.22613731966640035,0.24633720456102653,0.01009994244731309
pressure,0.5489984869448622,0.22669316579207466,0.24665584623988937,0.009981340223907356
pressure,0.5514830628609023,0.22724901191774893,0.2469744879187522,0.009862738000501636
pressure,0.5539676387769423,0.2278048580434232,0.247293129597615,0.009744135777095903
pressure,0.5564522146929824,0.2283607041690975,0.24761177127647785,0.009625533553690169
pressure,0.5589367906090226,0.2287619752700552,0.24767652866561474,0.009457276697779765
pressure,0.5614213665250627,0.22902005726181074,0.2475061027490854,0.009243022743637336
pressure,0.5639059424411028,0.22927813925356627,0.24733567683255606,0.009028768789494893
pressure,0.5663905183571428,0.2295362212453218,0.24716525091602673,0.008814514835352463
pressure,0.568875094273183,0.22979430323707734,0.2469948249994974,0.008600260881210034
pressure,0.5713596701892231,0.23005238522883287,0.24682439908296808,0.008386006927067605
pressure,0.5738442461052632,0.23031046722058843,0.24665397316643875,0.008171752972925161
pressure,0.5763288220213033,0.22998519534204312,0.24638188250896131,0.008198343583459097
pressure,0.5788133979373433,0.22948117290949246,0.24607863987034093,0.00829873348042423
pressure,0.5812979738533834,0.22897715047694175,0.24577539723172054,0.008399123377389392
pressure,0.5837825497694236,0.22847312804439107,0.24547215459310015,0.00849951327435454
pressure,0.5862671256854637,0.2279691056118404,0.24516891195447976,0.008599903171319687
pressure,0.5887517016015038,0.2274650831792897,0.24486566931585937,0.008700293068284834
pressure,0.5912362775175438,0.22696447679762444,0.2445691631576429,0.008802343180009234
pressure,0.5937208534335839,0.22675035045155476,0.24483759798263974,0.009043623765542491
pressure,0.5962054293496241,0.22653622410548505,0.24510603280763657,0.009284904351075762
pressure,0.5986900052656642,0.22632209775941536,0.2453744676326334,0.00952618493660902
pressure,0.6011745811817043,0.22610797141334568,0.24564290245763024,0.009767465522142277
pressure,0.6036591570977443,0.225893845067276,0.24591133728262704,0.01000874610767552
pressure,0.6061437330137844,0.22567971872120632,0.24617977210762387,0.010250026693208777
pressure,0.6086283089298246,0.22570054585676955,0.24652020314450096,0.010409828643865707
pressure,0.6111128848458647,0.22641110112738028,0.24707198586089152,0.010330442366755621
pressure,0.6135974607619048,0.227121656397991,0.24762376857728205,0.010251056089645522
pressure,0.6160820366779449,0.2278322116686017,0.2481755512936726,0.01017166981253545
pressure,0.6185666125939849,0.2285427669392124,0.24872733401006314,0.010092283535425364
pressure,0.621051188510025,0.22925332220982314,0.24927911672645367,0.010012897258315265
pressure,0.6235357644260652,0.22996387748043387,0.24983089944284423,0.00993351098120518
pressure,0.6260203403421053,0.23036243708483206,0.2502896091937781,0.009963586054473006
pressure,0.6285049162581454,0.23044396408160064,0.25065374338442686,0.01010488965141311
pressure,0.6309894921741854,0.23052549107836923,0.25101787757507565,0.010246193248353214
pressure,0.6334740680902256,0.2306070180751378,0.2513820117657245,0.010387496845293345
pressure,0.6359586440062657,0.2306885450719064,0.2517461459563733,0.010528800442233449
pressure,0.6384432199223058,0.23077007206867498,0.2521102801470221,0.010670104039173553
pressure,0.6409277958383459,0.23085159906544359,0.25247441433767087,0.010811407636113643
pressure,0.6434123717543859,0.23113662157918755,0.2532107847652986,0.01103708159305554
pressure,0.645896947670426,0.23149407514996545,0.2540796468787948,0.011292785864414678
pressure,0.6483815235864662,0.23185152872074338,0.254948508992291,0.011548490135773803
pressure,0.6508660995025063,0.2322089822915213,0.2558173711057872,0.011804194407132942
pressure,0.6533506754185464,0.2325664358622992,0.25668623321928336,0.012059898678492081
pressure,0.6558352513345864,0.2329238894330771,0.2575550953327795,0.012315602949851193
pressure,0.6583198272506265,0.23328134300385503,0.25842395744627567,0.012571307221210318
pressure,0.6608044031666667,0.2345275264304109,0.2595995532847152,0.012536013427152146
pressure,0.6632889790827068,0.23579576778842293,0.260782762135631,0.01249349717360404
pressure,0.6657735549987469,0.23706400914643494,0.2619659709865469,0.012450980920055976
pressure,0.668258130914787,0.23833225050444698,0.2631491798374627,0.01240846466650787
pressure,0.670742706830827,0.23960049186245894,0.2643323886883785,0.012365948412959779
pressure,0.6732272827468672,0.24086873322047095,0.2655155975392943,0.012323432159411687
pressure,0.6757118586629073,0.2420296084850029,0.2666773521296237,0.012323871822310387
pressure,0.6781964345789474,0.24279534469673172,0.26776014868085546,0.012482401992061867
pressure,0.6806810104949875,0.24356108090846054,0.2688429452320873,0.012640932161813376
pressure,0.6831655864110275,0.2443268171201893,0.2699257417833191,0.012799462331564884
pressure,0.6856501623270677,0.24509255333191812,0.2710085383345509,0.012957992501316393
pressure,0.6881347382431078,0.24585828954364694,0.27209133488578274,0.013116522671067901
pressure,0.6906193141591479,0.24662402575537576,0.2731741314370145,0.013275052840819382
pressure,0.693103890075188,0.247515759916777,0.27448588681831326,0.013485063450768137
pressure,0.695588465991228,0.24856053547304585,0.2760757433815106,0.013757603954232367
pressure,0.6980730419072682,0.24960531102931477,0.27766559994470796,0.014030144457696597
pressure,0.7005576178233083,0.2506500865855837,0.27925545650790534,0.014302684961160828
pressure,0.7030421937393484,0.2516948621418526,0.2808453130711028,0.014575225464625086
pressure,0.7055267696553885,0.2527396376981215,0.28243516963430015,0.014847765968089316
pressure,0.7080113455714285,0.2537844132543904,0.2840250261974975,0.015120306471553546
pressure,0.7104959214874687,0.25549690797046554,0.2858674657553292,0.01518527889243182
pressure,0.7129804974035088,0.25751303903417755,0.287824764048064,0.01515586250694323
pressure,0.7154650733195489,0.2595291700978895,0.28978206234079884,0.015126446121454667
pressure,0.717949649235589,0.2615453011616015,0.2917393606335337,0.015097029735966078
pressure,0.720434225151629,0.2635614322253134,0.29369665892626845,0.015067613350477516
pressure,0.7229188010676691,0.26557756328902543,0.2956539572190033,0.015038196964988926
pressure,0.7254033769837093,0.2675936943527374,0.2976112555117381,0.015008780579500364
pressure,0.7278879528997494,0.26954711803184345,0.2994223608056624,0.014937621386909489
pressure,0.7303725288157895,0.27149527158276854,0.30122117957467837,0.014862953995954914
pressure,0.7328571047318296,0.27344342513369363,0.3030199983436943,0.01478828660500034
pressure,0.7353416806478696,0.2753915786846186,0.3048188171127102,0.014713619214045792
pressure,0.7378262565639098,0.27733973223554365,0.3066176358817262,0.014638951823091273
pressure,0.7403108324799499,0.27928788578646874,0.30841645465074213,0.014564284432136698
pressure,0.74279540839599,0.28125413037396213,0.3102125842754315,0.014479226950734697
pressure,0.7452799843120301,0.28331596020037786,0.3119945056206794,0.014339272710150758
pressure,0.7477645602280701,0.2853777900267935,0.31377642696592717,0.014199318469566846
pressure,0.7502491361441103,0.2874396198532092,0.31555834831117496,0.014059364228982879
pressure,0.7527337120601504,0.28950144967962493,0.3173402696564228,0.01391940998839894
pressure,0.7552182879761905,0.29156327950604066,0.31912219100167066,0.013779455747815
pressure,0.7577028638922306,0.2936251093324564,0.3209041123469185,0.013639501507231061
pressure,0.7601874398082706,0.2957489389952862,0.32264184176678923,0.013446451385751512
pressure,0.7626720157243108,0.29796724695176025,0.3243122294331339,0.01317249124068684
pressure,0.7651565916403509,0.30018555490823423,0.32598261709947857,0.012898531095622168
pressure,0.767641167556391,0.3024038628647083,0.32765300476582326,0.012624570950557495
pressure,0.7701257434724311,0.30462217082118226,0.3293233924321679,0.012350610805492823
pressure,0.7726103193884711,0.3068404787776562,0.33099378009851255,0.012076650660428179
pressure,0.7750948953045113,0.3090587867341302,0.3326641677648572,0.011802690515363506
pressure,0.7775794712205514,0.31092969178427954,0.334202918641943,0.011636613428831738
pressure,0.7800640471365915,0.31260186585170024,0.33566636701574976,0.011532250582024756
pressure,0.7825486230526316,0.314274039919121,0.3371298153895565,0.011427887735217745
pressure,0.7850331989686717,0.3159462139865417,0.33859326376336324,0.011323524888410763
pressure,0.7875177748847118,0.3176183880539623,0.34005671213717,0.011219162041603836
pressure,0.7900023508007519,0.31929056212138307,0.3415201605109767,0.011114799194796826
pressure,0.792486926716792,0.3209627361888038,0.34298360888478346,0.011010436347989844
pressure,0.7949715026328321,0.3229654629100939,0.3443662235962574,0.010700380343081739
pressure,0.7974560785488722,0.32501290870461524,0.345737902662765,0.010362496979074876
pressure,0.7999406544649122,0.3270603544991365,0.3471095817292725,0.010024613615067984
pressure,0.8024252303809524,0.3291078002936579,0.34848126079578007,0.009686730251061093
pressure,0.8049098062969925,0.3311552460881792,0.3498529398622876,0.009348846887054202
pressure,0.8073943822130326,0.3332026918827005,0.3512246189287952,0.009010963523047338
pressure,0.8098789581290727,0.33510960447946186,0.35253821894853055,0.00871430723453434
pressure,0.8123635340451127,0.3360759026974806,0.3534630852927477,0.008693591297633557
pressure,0.8148481099611529,0.33704220091549947,0.3543879516369649,0.008672875360732718
pressure,0.817332685877193,0.33800849913351827,0.35531281798118214,0.008652159423831934
pressure,0.8198172617932331,0.3389747973515371,0.3562376843253993,0.008631443486931095
pressure,0.8223018377092732,0.339941095569556,0.3571625506696165,0.008610727550030256
pressure,0.8247864136253132,0.34090739378757473,0.3580874170138337,0.008590011613129472
pressure,0.8272709895413534,0.34191733077432734,0.3589500598845734,0.00851636455512303
pressure,0.8297555654573935,0.3429938169864709,0.35971781181129187,0.008361997412410477
pressure,0.8322401413734336,0.34407030319861454,0.3604855637380104,0.008207630269697924
pressure,0.8347247172894737,0.34514678941075816,0.3612533156647289,0.008053263126985372
pressure,0.8372092932055137,0.3462232756229017,0.36202106759144737,0.007898895984272819
pressure,0.8396938691215539,0.34729976183504535,0.3627888195181659,0.0077445288415602664
pressure,0.842178445037594,0.348376248047189,0.36355657144488435,0.007590161698847686
pressure,0.8446630209536341,0.3495745154047927,0.36388032270051146,0.007152903647859393
pressure,0.8471475968696742,0.35083493514092545,0.36399978585284976,0.0065824253559621515
pressure,0.8496321727857143,0.3520953548770583,0.3641302152690681,0.006017430196004897
pressure,0.8521167487017544,0.353355774613191,0.3642606446852864,0.005452435036047698
pressure,0.8546013246177945,0.35461619434932384,0.3649844699026788,0.005184137776677478
pressure,0.8570859005338346,0.3558766140854566,0.36634726329959627,0.0052353246070698245
pressure,0.8595704764498747,0.3571370338215894,0.3677100566965137,0.005286511437462144
pressure,0.8620550523659148,0.3564966905118027,0.3672477803637582,0.005375544925977749
pressure,0.8645396282819549,0.3557795195747171,0.36671173587916134,0.005466108152222121
pressure,0.867024204197995,0.3550623486376314,0.3661756913945644,0.005556671378466493
pressure,0.8695087801140351,0.35434517770054574,0.3656396469099675,0.005647234604710866
pressure,0.8719933560300752,0.35362800676346,0.36510360242537054,0.005737797830955266
pressure,0.8744779319461153,0.35291083582637434,0.36456755794077367,0.005828361057199666
pressure,0.8769625078621553,0.35208227027371,0.3639265211456838,0.0059221254359869135
pressure,0.8794470837781955,0.3509683032658414,0.3630164860866809,0.006024091410419763
pressure,0.8819316596942356,0.3498543362579728,0.36210645102767797,0.0061260573848525846
pressure,0.8844162356102757,0.3487403692501042,0.3611964159686751,0.006228023359285434
pressure,0.8869008115263158,0.3476264022422357,0.3602863809096722,0.0063299893337182556
pressure,0.8893853874423558,0.34651243523436714,0.3593763458506693,0.006431955308151077
pressure,0.891869963358396,0.34539846822649856,0.3584663107916664,0.006533921282583927
pressure,0.8943545392744361,0.34421470873298077,0.3575090563583039,0.006647173812661555
pressure,0.8968391151904762,0.3429884721753282,0.3565230632953536,0.006767295560012709
pressure,0.8993236911065163,0.3417622356176756,0.3555370702324034,0.006887417307363891
pressure,0.9018082670225565,0.3405359990600231,0.35455107716945317,0.007007539054715045
pressure,0.9042928429385965,0.33930976250237055,0.353565084106503,0.007127660802066227
pressure,0.9067774188546366,0.338083525944718,0.3525790910435528,0.007247782549417381
pressure,0.9092619947706767,0.3368383219609232,0.3515930979806025,0.007377388009839642
pressure,0.9117465706867168,-0.10203565089638499,0.34976004625037554,0.22589784857338027
pressure,0.914231146602757,-0.02705021733325999,0.34791559066150596,0.187482903997383
pressure,0.916715722518797,0.04793521622986166,0.3460711350726365,0.1490679594213874
pressure,0.9192002984348371,0.12292064979298667,0.3442266794837669,0.11065301484539011
pressure,0.9216848743508772,0.19790608335611168,0.3423822238948973,0.07223807026939282
pressure,0.9241694502669173,0.27289151691923663,0.3405377683060277,0.033823125693395545
pressure,0.9266540261829574,0.10457804941599147,0.3385566354298888,0.11698929300694866
pressure,0.9291386020989975,-0.04516562499548307,0.3363584550132517,0.19076204000436736
pressure,0.9316231780150376,0.020969565410902932,0.33416027459661446,0.15659535459285576
pressure,0.9341077539310777,0.08710475581728894,0.33196209417997724,0.12242866918134415
pressure,0.9365923298471178,0.15323994622367493,0.32976391376334,0.08826198376983255
pressure,0.9390769057631579,0.21937513663006095,0.3275657333467028,0.05409529835832093
pressure,0.941561481679198,0.28551032703644397,0.32536755293006564,0.019928612946810836
pressure,0.9440460575952381,-0.05816974651301965,0.32262532133500327,0.19039753392401146
pressure,0.9465306335112782,-0.0007567156476483289,0.31975095407000886,0.1602538348588286
pressure,0.9490152094273183,0.05634278491502846,0.3168765868050145,0.13026690094499302
pressure,0.9514997853433584,0.11344228547770525,0.31400221954002017,0.10027996703115746
pressure,0.9539843612593985,0.1705417860403795,0.31112785227502593,0.07029303311732321
pressure,0.9564689371754386,0.22764128660305633,0.3082534850100315,0.0403060992034876
pressure,0.9589535130914787,0.08620560473648523,0.30499811755776823,0.1093962564106415
pressure,0.9614380890075188,-0.019011720251408057,0.3000904362922189,0.15955107827181347
pressure,0.9639226649235589,0.02317327122742007,0.2952545106331889,0.13604061970288442
pressure,0.9664072408395991,0.0653582627062482,0.2904461633504624,0.11254395032210711
pressure,0.9688918167556391,0.10754325418507446,0.2856378160677362,0.08904728094133087
pressure,0.9713763926716792,0.1497282456639026,0.2808294687850097,0.06555061156055354
pressure,0.9738609685877193,0.19191323714273073,0.27602112150228325,0.04205394217977626
suction,0.002672720060150376,-2.875084448509541,-1.030632162295668,0.9222261431069364
suction,0.005154992120300752,-3.112632063939,-1.2961058727092236,0.9082630956148882
suction,0.0076372641804511275,-3.170466638275574,-1.3770140046937966,0.8967263167908887
suction,0.010119536240601502,-3.204088712389899,-1.4890544369818255,0.8575171377040368
suction,0.012601808300751877,-3.199174023111669,-1.6074106862786182,0.7958816684165255
suction,0.015084080360902254,-3.1942593338334397,-1.725766935575411,0.7342461991290143
suction,0.01756635242105263,-3.178072688516275,-1.8313625187533504,0.6733550848814622
suction,0.020048624481203006,-3.0898969965318317,-1.8554613159641875,0.6172178402838221
suction,0.02253089654135338,-3.0017213045473885,-1.8795601131750246,0.561080595686182
suction,0.025013168601503755,-2.9135456125629453,-1.9036589103858617,0.5049433510885418
suction,0.027495440661654134,-2.8253699205785017,-1.927757707596699,0.44880610649090136
suction,0.02997771272180451,-2.7371942285940585,-1.951856504807536,0.3926688618932612
suction,0.03245998478195489,-2.6490185366096153,-1.975955302018373,0.3365316172956211
suction,0.034942256842105265,-2.5742267265234684,-1.9503882616876766,0.3119192324178959
suction,0.03742452890225564,-2.501226246260893,-1.9181738303625866,0.2915262079491532
suction,0.039906800962406015,-2.428225765998317,-1.8859593990374965,0.27113318348041027
suction,0.042389073022556394,-2.355225285735741,-1.8537449677124063,0.25074015901166746
suction,0.044871345082706765,-2.2822248054731658,-1.8215305363873162,0.23034713454292477
suction,0.04735361714285714,-2.20922432521059,-1.789316105062226,0.20995411007418197
suction,0.049835889203007515,-2.1574339457546663,-1.7612169521478402,0.19810849680341303
suction,0.05231816126315789,-2.1387116373130572,-1.7395338139412286,0.1995889116859143
suction,0.05480043332330827,-2.1199893288714486,-1.7178506757346168,0.20106932656841592
suction,0.05728270538345864,-2.1012670204298396,-1.6961675375280052,0.2025497414509172
suction,0.05976497744360902,-2.0825447119882305,-1.6744843993213936,0.20403015633341848
suction,0.0622472495037594,-2.063822403546622,-1.6528012611147818,0.2055105712159201
suction,0.06472952156390976,-2.045100095105013,-1.6311181229081702,0.20699098609842137
suction,0.06721179362406014,-2.050767401980354,-1.6349485843603622,0.20790940880999587
suction,0.06969406568421052,-2.0603330297228677,-1.6428570190259117,0.20873800534847797
suction,0.0721763377443609,-2.0698986574653815,-1.6507654536914613,0.20956660188696008
suction,0.07465860980451126,-2.0794642852078953,-1.6586738883570107,0.2103951984254423
suction,0.07714088186466164,-2.0890299129504086,-1.6665823230225603,0.21122379496392418
suction,0.07962315392481202,-2.0985955406929224,-1.6744907576881098,0.2120523915024063
suction,0.0821054259849624,-2.1068186596332814,-1.6833729983196983,0.21172283065679154
suction,0.08458769804511278,-2.111350539206099,-1.6949327267356635,0.20820890623521782
suction,0.08706997010526314,-2.1158824187789174,-1.706492455151629,0.2046949818136442
suction,0.08955224216541352,-2.1204142983517356,-1.7180521835675944,0.2011810573920706
suction,0.0920345142255639,-2.1249461779245533,-1.7296119119835596,0.19766713297049687
suction,0.09451678628571428,-2.1294780574973715,-1.741171640399525,0.19415320854892326
suction,0.09699905834586466,-2.1340099370701897,-1.7527313688154904,0.19063928412734965
suction,0.09948133040601502,-2.1339780912789115,-1.7579855189048552,0.18799628618702813
suction,0.1019636024661654,-2.1305301417965783,-1.75851972910362,0.1860052063464791
suction,0.10444587452631578,-2.127082192314245,-1.7590539393023852,0.18401412650592996
suction,0.10692814658646616,-2.1236342428319115,-1.75958814950115,0.18202304666538072
suction,0.10941041864661653,-2.1201862933495783,-1.7601223596999152,0.18003196682483158
suction,0.11189269070676691,-2.116738343867245,-1.76065656989868,0.17804088698428255
suction,0.11437496276691728,-2.113290394384912,-1.761190780097445,0.17604980714373353
suction,0.11685723482706765,-2.1151745946187486,-1.7629354839985385,0.17611955531010504
suction,0.11933950688721803,-2.118275041237521,-1.7649562976617001,0.17665937178791047
suction,0.12182177894736841,-2.121375487856293,-1.7669771113248618,0.17719918826571568
suction,0.12430405100751879,-2.124475934475065,-1.7689979249880234,0.1777390047435209
suction,0.12678632306766918,-2.1275763810938373,-1.771018738651185,0.1782788212213261
suction,0.12926859512781955,-2.1306768277126094,-1.7730395523143467,0.1788186376991313
suction,0.13175086718796994,-2.133909776818257,-1.7753039503597392,0.17930291322925884
suction,0.1342331392481203,-2.142326566911881,-1.787098001277428,0.17761428281722658
suction,0.13671541130827067,-2.150743357005506,-1.7988920521951168,0.17592565240519453
suction,0.13919768336842106,-2.15916014709913,-1.8106861031128059,0.17423702199316216
suction,0.14167995542857142,-2.167576937192755,-1.822480154030495,0.17254839158113
suction,0.14416222748872182,-2.1759937272863796,-1.834274204948184,0.17085976116909785
suction,0.14664449954887218,-2.184410517380004,-1.8460682558658728,0.16917113075706558
suction,0.14912677160902255,-2.1918507459961325,-1.8585607565694373,0.1666449947133476
suction,0.15160904366917294,-2.1953079778301134,-1.8739019496633356,0.16070301408338894
suction,0.1540913157293233,-2.1987652096640944,-1.8892431427572334,0.1547610334534305
suction,0.1565735877894737,-2.2022224414980758,-1.9045843358511316,0.14881905282347208
suction,0.15905585984962406,-2.2056796733320567,-1.9199255289450297,0.14287707219351353
suction,0.16153813190977442,-2.2091369051660377,-1.9352667220389275,0.1369350915635551
suction,0.16402040396992482,-2.2125941370000186,-1.9506079151328257,0.13099311093359645
suction,0.16650267603007518,-2.209514359110776,-1.9621566405912896,0.12367885925974331
suction,0.16898494809022557,-2.1933428173955676,-1.9661101363188977,0.11361634053833491
suction,0.17146722015037594,-2.177171275680359,-1.9700636320465057,0.10355382181692663
suction,0.1739494922105263,-2.1609997339651508,-1.9721066996012107,0.09444651718197006
suction,0.1764317642706767,-2.144828192249942,-1.9726517587548331,0.08608821674755451
suction,0.17891403633082706,-2.1286566505347335,-1.9731968179084554,0.07772991631313908
suction,0.18139630839097745,-2.112485108819525,-1.9737418770620778,0.06937161587872354
suction,0.18387858045112782,-2.0901588816632612,-1.9680475126708592,0.061055684496201024
suction,0.18636085251127818,-2.0604021814171314,-1.954820371959838,0.05279090472864667
suction,0.18884312457142857,-2.030645481171001,-1.9415932312488169,0.044526124961092095
suction,0.19132539663157894,-2.0008887809248717,-1.9283660905377957,0.036261345193537964
suction,0.19380766869172933,-1.9718632188588974,-1.9151389498267744,0.02836213451606151
suction,0.1962899407518797,-1.9604335604077916,-1.9019118091157532,0.029260875646019202
suction,0.19877221281203006,-1.9490039019566858,-1.888684668404732,0.030159616775976894
suction,0.20125448487218045,-1.931648188292885,-1.8649763556941148,0.03333591629938515
suction,0.20373675693233081,-1.9100419575617862,-1.8392283834692735,0.03540678704625633
suction,0.2062190289924812,-1.888435726830687,-1.8134804112444318,0.03747765779312762
suction,0.20870130105263157,-1.8668294960995881,-1.7877324390195903,0.039548528539998906
suction,0.21118357311278196,-1.845223265368489,-1.7619844667947486,0.041619399286870196
suction,0.21366584517293233,-1.8236170346373903,-1.7362364945699071,0.043690270033741596
suction,0.2161481172330827,-1.8020108039062914,-1.7104885223450657,0.045761140780612886
suction,0.21863038929323309,-1.7798372464307595,-1.6888823962473358,0.04547742509171182
suction,0.22111266135338345,-1.7574539975767114,-1.6688071506034552,0.0443234234866281
suction,0.22359493341353384,-1.7350707487226629,-1.6487319049595741,0.04316942188154438
suction,0.2260772054736842,-1.7126874998686146,-1.6286566593156935,0.04201542027646055
suction,0.22855947753383457,-1.6903042510145665,-1.6085814136718128,0.040861418671376826
suction,0.23104174959398496,-1.667921002160518,-1.5885061680279318,0.039707417066293105
suction,0.23352402165413533,-1.6455377533064697,-1.5684309223840511,0.03855341546120927
suction,0.23600629371428572,-1.630021814106827,-1.5533500656000807,0.03833587425337315
suction,0.23848856577443608,-1.6154035995042788,-1.5389220970580324,0.038240751223123204
suction,0.24097083783458645,-1.6007853849017308,-1.524494128515984,0.03814562819287337
suction,0.24345310989473684,-1.5861671702991829,-1.5100661599739356,0.03805050516262365
suction,0.2459353819548872,-1.5715489556966349,-1.4956381914318873,0.037955382132373816
suction,0.2484176540150376,-1.5569307410940867,-1.4812102228898387,0.03786025910212398
suction,0.25089992607518796,-1.542342937431275,-1.4667991871040325,0.03777187516362124
suction,0.25338219813533835,-1.5283194644995661,-1.4527023696486223,0.037808547425471906
suction,0.2558644701954887,-1.5142959915678575,-1.4386055521932124,0.03784521968732257
suction,0.2583467422556391,-1.5002725186361485,-1.424508734737802,0.03788189194917324
suction,0.2608290143157895,-1.4862490457044397,-1.4104119172823917,0.03791856421102402
suction,0.26331128637593987,-1.4722255727727307,-1.3963150998269815,0.037955236472874576
suction,0.2657935584360902,-1.4582020998410221,-1.3822182823715716,0.037991908734725244
suction,0.2682758304962406,-1.4445972495151278,-1.3684308102234293,0.038083219645849264
suction,0.270758102556391,-1.4323628272701274,-1.3556560294347226,0.0383533989177024
suction,0.2732403746165413,-1.4201284050251273,-1.3428812486460164,0.03862357818955542
suction,0.2757226466766917,-1.407893982780127,-1.3301064678573098,0.03889375746140855
suction,0.2782049187368421,-1.3956595605351265,-1.3173316870686032,0.039163936733261684
suction,0.28068719079699245,-1.3834251382901266,-1.304556906279897,0.039434116005114817
suction,0.28316946285714284,-1.3711907160451262,-1.2917821254911903,0.03970429527696795
suction,0.28565173491729323,-1.359303354401937,-1.2793675051336628,0.03996792463413712
suction,0.2881340069774436,-1.3478880538014588,-1.2674427637995636,0.04022264500094763
suction,0.29061627903759396,-1.336472753200981,-1.2555180224654645,0.040477365367758256
suction,0.29309855109774435,-1.325057452600503,-1.243593281131365,0.04073208573456899
suction,0.29558082315789475,-1.313642152000025,-1.2316685397972658,0.040986806101379614
suction,0.2980630952180451,-1.302226851399547,-1.2197437984631667,0.041241526468190126
suction,0.3005453672781955,-1.290811550799069,-1.2078190571290675,0.04149624683500075
suction,0.30302763933834587,-1.279732778411025,-1.1965741824836296,0.04157929796369775
suction,0.3055099113984962,-1.2688500123191226,-1.1857252869763162,0.04156236267140323
suction,0.3079921834586466,-1.2579672462272198,-1.1748763914690024,0.04154542737910871
suction,0.310474455518797,-1.247084480135317,-1.1640274959616888,0.041528492086814084
suction,0.3129567275789474,-1.236201714043414,-1.1531786004543751,0.041511556794519455
suction,0.3154389996390977,-1.2253189479515116,-1.1423297049470618,0.04149462150222494
suction,0.3179212716992481,-1.2144361818596088,-1.1314808094397482,0.04147768620993031
suction,0.3204035437593985,-1.204838685052585,-1.1217781538076625,0.041530265622461204
suction,0.32288581581954884,-1.195483484768805,-1.1122915851387047,0.041595949815050104
suction,0.32536808787969923,-1.1861282844850247,-1.1028050164697467,0.041661634007639003
suction,0.3278503599398496,-1.1767730842012445,-1.093318447800789,0.04172731820022779
suction,0.330332632,-1.1674178839174643,-1.0838318791318309,0.04179300239281669
suction,0.33281490406015035,-1.1580626836336843,-1.074345310462873,0.04185868658540559
suction,0.33529717612030074,-1.1487168506843635,-1.0649265469127331,0.04189515188581516
suction,0.33777944818045114,-1.1395024230047825,-1.0564589557549957,0.04152173362489342
suction,0.3402617202406015,-1.130287995325202,-1.0479913645972585,0.04114831536397179
suction,0.34274399230075187,-1.1210735676456214,-1.039523773439521,0.040774897103050156
suction,0.34522626436090226,-1.1118591399660407,-1.0310561822817836,0.040401478842128524
suction,0.3477085364210526,-1.10264471228646,-1.0225885911240462,0.04002806058120689
suction,0.350190808481203,-1.0934302846068793,-1.0141209999663088,0.03965464232028526
suction,0.3526730805413534,-1.084681692196348,-1.0061141831863873,0.03928375450498034
suction,0.35515535260150377,-1.0770664361261009,-0.999228390042388,0.03891902304185646
suction,0.3576376246616541,-1.069451180055854,-0.9923425968983888,0.03855429157873258
suction,0.3601198967218045,-1.061835923985607,-0.9854568037543895,0.038189560115608756
suction,0.3626021687819549,-1.0542206679153598,-0.9785710106103902,0.03782482865248482
suction,0.36508444084210523,-1.046605411845113,-0.971685217466391,0.03746009718936094
suction,0.3675667129022556,-1.038990155774866,-0.9647994243223917,0.03709536572623712
suction,0.370048984962406,-1.0315876381572233,-0.9585653590682172,0.03651113954450308
suction,0.37253125702255635,-1.024378910824647,-0.9529249736683816,0.035726968578132734
suction,0.37501352908270674,-1.0171701834920703,-0.9472845882685459,0.03494279761176222
suction,0.37749580114285713,-1.0099614561594938,-0.9416442028687102,0.03415862664539182
suction,0.3799780732030075,-1.0027527288269173,-0.9360038174688745,0.03337445567902142
suction,0.38246034526315786,-0.9955440014943409,-0.930363432069039,0.03259028471265091
suction,0.38494261732330826,-0.9883352741617643,-0.9247230466692034,0.03180611374628045
suction,0.38742488938345865,-0.9829521883353823,-0.9201375509386946,0.031407318698343845
suction,0.389907161443609,-0.978155385271778,-0.9158908203094722,0.031132282481152906
suction,0.3923894335037594,-0.9733585822081735,-0.9116440896802497,0.030857246263961913
suction,0.39487170556390977,-0.968561779144569,-0.9073973590510271,0.03058221004677092
suction,0.3973539776240601,-0.9637649760809646,-0.9031506284218047,0.030307173829579925
suction,0.3998362496842105,-0.95896817301736,-0.8989038977925822,0.03003213761238893
suction,0.4023185217443609,-0.9541713699537555,-0.8946571671633596,0.029757101395197938
suction,0.4048007938045113,-0.9498241010490249,-0.8902374981659876,0.02979330144151865
suction,0.4072830658646616,-0.9454811246058588,-0.8858161778340428,0.029832473385907998
suction,0.409765337924812,-0.9411381481626924,-0.8813948575020978,0.029871645330297292
suction,0.4122476099849624,-0.9367951717195261,-0.8769735371701528,0.02991081727468664
suction,0.41472988204511274,-0.9324521952763599,-0.8725522168382079,0.02994998921907599
suction,0.41721215410526313,-0.9281092188331936,-0.868130896506263,0.02998916116346534
suction,0.4196944261654135,-0.9235014225361446,-0.8637726188365159,0.02986440184981437
suction,0.4221766982255639,-0.9180469718926332,-0.8596158945744152,0.029215538659108975
suction,0.42465897028571425,-0.9125925212491219,-0.8554591703123146,0.02856667546840369
suction,0.42714124234586465,-0.9071380706056105,-0.8513024460502139,0.027917812277698295
suction,0.42962351440601504,-0.9016836199620991,-0.8471457217881131,0.02726894908699301
suction,0.4321057864661654,-0.8962291693185879,-0.8429889975260125,0.02662008589628767
suction,0.43458805852631577,-0.8907747186750764,-0.8388322732639117,0.02597122270558233
suction,0.43707033058646616,-0.8864607706115896,-0.8352335890995221,0.025613590756033755
suction,0.4395526026466165,-0.8833434504926062,-0.8322204067891135,0.02556152185174637
suction,0.4420348747067669,-0.8802261303736229,-0.8292072244787047,0.0255094529474591
suction,0.4445171467669173,-0.8771088102546395,-0.826194042168296,0.02545738404317177
suction,0.4469994188270677,-0.873991490135656,-0.8231808598578872,0.025405315138884388
suction,0.449481690887218,-0.8708741700166727,-0.8201676775474785,0.02535324623459706
suction,0.4519639629473684,-0.8677568498976893,-0.8171544952370698,0.025301177330309732
suction,0.4544462350075188,-0.8646566437851559,-0.813516126041409,0.025570258871873475
suction,0.45692850706766913,-0.8615625346854534,-0.8096550286101232,0.025953753037665117
suction,0.4594107791278195,-0.8584684255857509,-0.8057939311788374,0.02633724720345676
suction,0.4618930511879699,-0.8553743164860484,-0.8019328337475515,0.026720741369248457
suction,0.46437532324812025,-0.8522802073863459,-0.7980717363162658,0.027104235535040044
suction,0.46685759530827065,-0.8491860982866435,-0.79421063888498,0.027487729700831742
suction,0.46933986736842104,-0.8460844467809365,-0.7903456854562129,0.02786938066236183
suction,0.47182213942857143,-0.8420931328534306,-0.7860258989071314,0.0280336169731496
suction,0.47430441148872177,-0.8381018189259245,-0.7817061123580499,0.028197853283937313
suction,0.47678668354887216,-0.8341105049984185,-0.7773863258089684,0.02836208959472508
suction,0.47926895560902255,-0.8301191910709125,-0.7730665392598868,0.02852632590551285
suction,0.4817512276691729,-0.8261278771434065,-0.7687467527108054,0.028690562216300564
suction,0.4842334997293233,-0.8221365632159005,-0.7644269661617238,0.028854798527088332
suction,0.4867157717894737,-0.8182138485571158,-0.7601353424717668,0.029039253042674462
suction,0.48919804384962406,-0.8144672729916274,-0.7559160312213341,0.029275620885146625
suction,0.4916803159097744,-0.8107206974261391,-0.7516967199709015,0.029511988727618788
suction,0.4941625879699248,-0.8069741218606508,-0.7474774087204689,0.02974835657009095
suction,0.4966448600300752,-0.8032275462951624,-0.7432580974700361,0.029984724412563113
suction,0.4991271320902255,-0.7994809707296741,-0.7390387862196035,0.030221092255035276
suction,0.5016094041503759,-0.7957343951641856,-0.7348194749691709,0.030457460097507383
suction,0.5040916762105263,-0.791746921619266,-0.730464730894209,0.03064109536252846
suction,0.5065739482706767,-0.7875764540796824,-0.7260071076102654,0.03078467323470846
suction,0.5090562203308271,-0.7834059865400987,-0.7215494843263218,0.03092825110688846
suction,0.5115384923909774,-0.7792355190005154,-0.7170918610423784,0.03107182897906846
suction,0.5140207644511278,-0.7750650514609317,-0.7126342377584348,0.03121540685124846
suction,0.5165030365112782,-0.7708945839213482,-0.7081766144744912,0.03135898472342852
suction,0.5189853085714285,-0.7667241163817646,-0.7037189911905476,0.03150256259560852
suction,0.5214675806315789,-0.7628684738132039,-0.6993769495395235,0.031745762136840217
suction,0.5239498526917293,-0.7590635977361657,-0.6950535457810676,0.03200502597754906
suction,0.5264321247518797,-0.7552587216591276,-0.6907301420226118,0.03226428981825785
suction,0.52891439681203,-0.7514538455820895,-0.6864067382641562,0.03252355365896664
suction,0.5313966688721804,-0.7476489695050513,-0.6820833345057005,0.03278281749967543
suction,0.5338789409323308,-0.7438440934280132,-0.6777599307472447,0.03304208134038422
suction,0.5363612129924812,-0.7399961918811453,-0.6734274858149724,0.03328435303308647
suction,0.5388434850526316,-0.7359309610040622,-0.6690493722994706,0.0334407943522958
suction,0.541325757112782,-0.7318657301269791,-0.6646712587839689,0.03359723567150508
suction,0.5438080291729323,-0.7278004992498962,-0.6602931452684674,0.03375367699071441
suction,0.5462903012330826,-0.7237352683728132,-0.6559150317529656,0.0339101183099238
suction,0.548772573293233,-0.7196700374957301,-0.651536918237464,0.034066559629133075
suction,0.5512548453533834,-0.7156048066186471,-0.6471588047219622,0.034223000948342464
suction,0.5537371174135338,-0.7116885863108867,-0.6429142099912674,0.03438718815980968
suction,0.5562193894736842,-0.707934413676402,-0.6388148157555097,0.03455979896044614
suction,0.5587016615338346,-0.7041802410419172,-0.6347154215197519,0.03473240976108266
suction,0.5611839335939849,-0.7004260684074327,-0.6306160272839945,0.034905020561719124
suction,0.5636662056541353,-0.696671895772948,-0.6265166330482368,0.03507763136235559
suction,0.5661484777142857,-0.6929177231384631,-0.6224172388124791,0.035250242162991996
suction,0.5686307497744361,-0.6891635505039784,-0.6183178445767213,0.035422852963628515
suction,0.5711130218345865,-0.685307650272068,-0.6143198696318557,0.035493890320106136
suction,0.5735952938947368,-0.68142620304391,-0.6103473642577792,0.035539419393065375
suction,0.5760775659548872,-0.6775447558157519,-0.6063748588837029,0.0355849484660245
suction,0.5785598380150375,-0.673663308587594,-0.6024023535096266,0.03563047753898374
suction,0.5810421100751879,-0.669781861359436,-0.5984298481355502,0.03567600661194287
suction,0.5835243821353383,-0.665900414131278,-0.5944573427614738,0.035721535684902106
suction,0.5860066541954887,-0.6620826473309057,-0.590521107158082,0.03578077008641184
suction,0.5884889262556391,-0.6586792588990001,-0.5868208845483772,0.03592918717531146
suction,0.5909711983157895,-0.6552758704670945,-0.5831206619386723,0.03607760426421108
suction,0.5934534703759399,-0.6518724820351889,-0.5794204393289675,0.036226021353110704
suction,0.5959357424360902,-0.6484690936032834,-0.5757202167192628,0.036374438442010326
suction,0.5984180144962405,-0.6450657051713778,-0.5720199941095578,0.03652285553091
suction,0.6009002865563909,-0.6416623167394723,-0.568319771499853,0.036671272619809625
suction,0.6033825586165413,-0.6381380839431784,-0.5644855287286226,0.03682627760727791
suction,0.6058648306766917,-0.634477335147675,-0.5604998854650522,0.03698872484131138
suction,0.6083471027368421,-0.6308165863521717,-0.5565142422014819,0.03715117207534491
suction,0.6108293747969924,-0.6271558375566686,-0.5525285989379117,0.03731361930937843
suction,0.6133116468571428,-0.6234950887611652,-0.5485429556743414,0.0374760665434119
suction,0.6157939189172932,-0.6198343399656618,-0.5445573124107711,0.03763851377744537
suction,0.6182761909774436,-0.6161735911701586,-0.5405716691472007,0.03780096101147895
suction,0.620758463037594,-0.6116434753776117,-0.5365977842286264,0.03752284557449265
suction,0.6232407350977444,-0.6069358946149939,-0.5326262995556903,0.037154797529651784
suction,0.6257230071578948,-0.6022283138523761,-0.5286548148827542,0.03678674948481092
suction,0.628205279218045,-0.5975207330897586,-0.5246833302098184,0.036418701439970114
suction,0.6306875512781954,-0.5928131523271408,-0.5207118455368824,0.036050653395129195
suction,0.6331698233383458,-0.588105571564523,-0.5167403608639464,0.03568260535028833
suction,0.6356520953984962,-0.583592929824031,-0.5129361397530294,0.03532839503550078
suction,0.6381343674586466,-0.579903863847259,-0.5098385714935032,0.0350326461768779
suction,0.640616639518797,-0.5762147978704869,-0.506741003233977,0.03473689731825497
suction,0.6430989115789474,-0.5725257318937149,-0.5036434349744507,0.03444114845963209
suction,0.6455811836390977,-0.568836665916943,-0.5005458667149246,0.03414539960100921
suction,0.6480634556992481,-0.5651475999401709,-0.49744829845539834,0.0338496507423863
suction,0.6505457277593985,-0.561458533963399,-0.49435073019587206,0.03355390188376345
suction,0.6530279998195488,-0.5583235698609028,-0.49122712241705796,0.03354822372192243
suction,0.6555102718796992,-0.5556377364020203,-0.48808240814754217,0.033777664127239065
suction,0.6579925439398496,-0.5529519029431379,-0.48493769387802643,0.03400710453255573
suction,0.660474816,-0.5502660694842554,-0.48179297960851064,0.03423654493787237
suction,0.6629570880601503,-0.547580236025373,-0.478648265338995,0.03446598534318898
suction,0.6654393601203007,-0.5448944025664905,-0.4755035510694793,0.03469542574850559
suction,0.6679216321804511,-0.5422085691076081,-0.4723588367999635,0.03492486615382229
suction,0.6704039042406015,-0.5388057578934563,-0.4684869547054019,0.035159401594027195
suction,0.6728861763007519,-0.5353450841873425,-0.4645563877463204,0.035394348220511046
suction,0.6753684483609023,-0.5318844104812287,-0.4606258207872389,0.0356292948469949
suction,0.6778507204210525,-0.5284237367751151,-0.4566952538281576,0.03586424147347875
suction,0.6803329924812029,-0.5249630630690013,-0.4527646868690761,0.0360991880999626
suction,0.6828152645413533,-0.5215023893628875,-0.44883411990999467,0.03633413472644642
suction,0.6852975366015037,-0.5177816885327443,-0.44489275784998095,0.03644446534138168
suction,0.6877798086616541,-0.5135127136621702,-0.4409286340352963,0.036292039813436955
suction,0.6902620807218045,-0.5092437387915961,-0.4369645102206116,0.036139614285492255
suction,0.6927443527819549,-0.5049747639210221,-0.4330003864059269,0.03598718875754761
suction,0.6952266248421052,-0.5007057890504483,-0.42903626259124245,0.03583476322960291
suction,0.6977088969022556,-0.49643681417987423,-0.42507213877655775,0.03568233770165824
suction,0.700191168962406,-0.49216783930930014,-0.42110801496187306,0.03552991217371354
suction,0.7026734410225564,-0.4886818637855327,-0.41755989649718,0.03556098364417634
suction,0.7051557130827067,-0.4855027020218189,-0.4141747873199837,0.0356639573509176
suction,0.7076379851428571,-0.48232354025810503,-0.4107896781427874,0.035766931057658824
suction,0.7101202572030075,-0.4791443784943912,-0.4074045689655911,0.03586990476440005
suction,0.7126025292631578,-0.47596521673067743,-0.40401945978839493,0.03597287847114125
suction,0.7150848013233082,-0.4727860549669636,-0.4006343506111986,0.03607585217788248
suction,0.7175670733834586,-0.46965252722638606,-0.39720880172364303,0.036221862751371514
suction,0.720049345443609,-0.4668707230105753,-0.39347156439639813,0.03669957930708859
suction,0.7225316175037594,-0.46408891879476455,-0.38973432706915323,0.03717729586280566
suction,0.7250138895639098,-0.4613071145789538,-0.38599708974190833,0.03765501241852273
suction,0.7274961616240602,-0.4585253103631431,-0.3822598524146634,0.03813272897423983
suction,0.7299784336842104,-0.45574350614733244,-0.3785226150874187,0.03861044552995688
suction,0.7324607057443608,-0.4529617019315217,-0.3747853777601738,0.03908816208567395
suction,0.7349429778045112,-0.4496889520790686,-0.3707830936341358,0.039452929222466404
suction,0.7374252498646616,-0.44598877482585886,-0.36655005429645804,0.03971936026470041
suction,0.739907521924812,-0.44228859757264904,-0.36231701495878027,0.03998579130693439
suction,0.7423897939849624,-0.4385884203194393,-0.3580839756211025,0.04025222234916839
suction,0.7448720660451127,-0.4348882430662297,-0.3538509362834249,0.0405186533914024
suction,0.7473543381052631,-0.43118806581301994,-0.34961789694574713,0.040785084433636404
suction,0.7498366101654135,-0.4274878885598102,-0.34538485760806936,0.04105151547587041
suction,0.7523188822255639,-0.42355594978196603,-0.34146014796001056,0.041047900910977736
suction,0.7548011542857143,-0.4196168508941721,-0.33754496394172107,0.04103594347622552
suction,0.7572834263458647,-0.41567775200637824,-0.3336297799234315,0.041023986041473365
suction,0.759765698406015,-0.4117386531185844,-0.329714595905142,0.04101202860672118
suction,0.7622479704661653,-0.40784677744690895,-0.3257994118868527,0.04102368278002813
suction,0.7647302425263157,-0.40409061969462323,-0.3218842278685632,0.04110319591303002
suction,0.7672125145864661,-0.4008510407759934,-0.3181644341082532,0.041343303333870096
suction,0.7696947866466165,-0.39837013971606033,-0.31473160189742233,0.041819268909319
suction,0.7721770587067669,-0.3958892386561273,-0.3112987696865914,0.042295234484767935
suction,0.7746593307669173,-0.39340833759619426,-0.3078659374757606,0.04277120006021684
suction,0.7771416028270677,-0.3909274365362612,-0.3044331052649297,0.043247165635665746
suction,0.779623874887218,-0.38844653547632824,-0.30100027305409904,0.043723131211114596
suction,0.7821061469473684,-0.3859656344163952,-0.2975674408432682,0.0441990967865635
suction,0.7845884190075187,-0.38347444019589155,-0.2937620141056233,0.044856213045134125
suction,0.7870706910676691,-0.3809812930699463,-0.28988589558444805,0.04554769874274914
suction,0.7895529631278195,-0.3784881459440011,-0.2860097770632728,0.04623918444036415
suction,0.7920352351879699,-0.37599499881805587,-0.2821336585420976,0.046930670137979136
suction,0.7945175072481202,-0.37350185169211075,-0.2782575400209225,0.04762215583559412
suction,0.7969997793082706,-0.3710087045661655,-0.27438142149974726,0.048313641533209134
suction,0.799482051368421,-0.3681769337165222,-0.27041726914229813,0.04887983228711204
suction,0.8019643234285714,-0.3645978687270706,-0.26625883869578343,0.049169515015643595
suction,0.8044465954887218,-0.361018803737619,-0.2621004082492688,0.04945919774417512
suction,0.8069288675488722,-0.3574397387481674,-0.25794197780275413,0.04974888047270665
suction,0.8094111396090226,-0.3538606737587159,-0.2537835473562394,0.05003856320123823
suction,0.8118934116691728,-0.35028160876926445,-0.24962511690972494,0.050328245929769755
suction,0.8143756837293232,-0.34670254377981286,-0.2454626816423347,0.05061993106873908
suction,0.8168579557894736,-0.3433091990755099,-0.24165117042099427,0.05082901432725781
suction,0.819340227849624,-0.3399654677660244,-0.23795006920401626,0.05100769928100406
suction,0.8218224999097744,-0.3366217364565388,-0.23424896798703826,0.051186384234750276
suction,0.8243047719699248,-0.3332780051470533,-0.23054786677006026,0.05136506918849652
suction,0.8267870440300752,-0.3299342738375678,-0.22684676555308225,0.05154375414224277
suction,0.8292693160902255,-0.3265905425280824,-0.22314566433610442,0.05172243909598899
suction,0.8317515881503759,-0.3234656593046019,-0.21953310116434588,0.05196627907012802
suction,0.8342338602105263,-0.3209430438040969,-0.21616419379906207,0.052389425002517406
suction,0.8367161322706766,-0.3184204283035918,-0.21279528643377824,0.05281257093490678
suction,0.839198404330827,-0.3158978128030867,-0.20942637906849443,0.05323571686729614
suction,0.8416806763909774,-0.3133751973025816,-0.2060574717032106,0.053658862799685514
suction,0.8441629484511278,-0.3108525818020766,-0.20268856433792679,0.0540820087320749
suction,0.8466452205112781,-0.3083299663015716,-0.19931965697264312,0.05450515466446425
suction,0.8491274925714285,-0.305905896767578,-0.19586191550090432,0.05502199063333685
suction,0.8516097646315789,-0.3035151157476193,-0.1923741661505664,0.05557047479852645
suction,0.8540920366917293,-0.30112433472766065,-0.18888641680022852,0.05611895896371606
suction,0.8565743087518797,-0.29873355370770194,-0.18539866744989064,0.05666744312890565
suction,0.8590565808120301,-0.29634277268774323,-0.18191091809955276,0.057215927294095234
suction,0.8615388528721803,-0.29395199166778463,-0.17842316874921502,0.057764411459284806
suction,0.8640211249323307,-0.29146978018840713,-0.1749104818353888,0.05827964917650917
suction,0.8665033969924811,-0.2887205307789213,-0.17132496060159738,0.058697785088661955
suction,0.8689856690526315,-0.2859712813694355,-0.167739439367806,0.05911592100081475
suction,0.8714679411127819,-0.28322203195994966,-0.16415391813401461,0.05953405691296752
suction,0.8739502131729323,-0.2804727825504638,-0.1605683969002232,0.05995219282512031
suction,0.8764324852330827,-0.277723533140978,-0.15698287566643182,0.06037032873727308
suction,0.878914757293233,-0.2749742837314923,-0.15339735443264058,0.06078846464942586
suction,0.8813970293533834,-0.2722816071411234,-0.1499276234577245,0.06117699184169946
suction,0.8838793014135338,-0.26960534473051634,-0.14649148815920396,0.06155692828565619
suction,0.8863615734736842,-0.2669290823199092,-0.14305535286068344,0.06193686472961288
suction,0.8888438455338346,-0.2642528199093021,-0.1396192175621629,0.06231680117356961
suction,0.891326117593985,-0.26157655749869496,-0.13618308226364237,0.0626967376175263
suction,0.8938083896541353,-0.2589002950880879,-0.13274694696512182,0.06307667406148303
